Username,Password,First Name,Last Name,Middle Initial,Instructor ID,Phone Number,Email Address
j_santos,Pass1234,Juan,Santos,D,INS-1001,09171234567,juan.santos@aviation.ph
m_reyes,Pass1234,Maria,Reyes,L,INS-1002,09182345678,maria.reyes@aviation.ph
j_delacruz,Pass1234,Jose,Dela Cruz,P,INS-1003,09193456789,jose.delacruz@aviation.ph
a_bautista,Pass1234,Ana,Bautista,G,INS-1004,09204567890,ana.bautista@aviation.ph
p_aquino,Pass1234,Pedro,Aquino,M,INS-1005,09215678901,pedro.aquino@aviation.ph
e_santiago,Pass1234,Elena,Santiago,C,INS-1006,09226789012,elena.santiago@aviation.ph
m_garcia,Pass1234,Manuel,Garcia,T,INS-1007,09237890123,manuel.garcia@aviation.ph
c_mendoza,Pass1234,Carmen,Mendoza,S,INS-1008,09248901234,carmen.mendoza@aviation.ph
r_gonzales,Pass1234,Ramon,Gonzales,B,INS-1009,09259012345,ramon.gonzales@aviation.ph
f_cruz,Pass1234,Francis,Cruz,V,INS-1010,09260123456,francis.cruz@aviation.ph
g_villanueva,Pass1234,Gabriel,Villanueva,R,INS-1011,09271234567,gabriel.villanueva@aviation.ph
l_castro,Pass1234,Lourdes,Castro,N,INS-1012,09282345678,lourdes.castro@aviation.ph
a_ramos,Pass1234,Antonio,Ramos,F,INS-1013,09293456789,antonio.ramos@aviation.ph
t_sin,Pass1234,Teresa,Sin,K,INS-1014,09304567890,teresa.sin@aviation.ph
v_lumaban,Pass1234,Vicente,Lumaban,J,INS-1015,09315678901,vicente.lumaban@aviation.ph
s_soriano,Pass1234,Sofia,Soriano,E,INS-1016,09326789012,sofia.soriano@aviation.ph
d_valdez,Pass1234,Danilo,Valdez,H,INS-1017,09337890123,danilo.valdez@aviation.ph
r_dimaculangan,Pass1234,Rosa,Dimaculangan,A,INS-1018,09348901234,rosa.dimaculangan@aviation.ph
m_pangalangan,Pass1234,Mariano,Pangalangan,O,INS-1019,09359012345,mariano.pangalangan@aviation.ph
j_enriquez,Pass1234,Julia,Enriquez,I,INS-1020,09360123456,julia.enriquez@aviation.ph
c_salazar,Pass1234,Carlos,Salazar,U,INS-1021,09371234567,carlos.salazar@aviation.ph
l_pascual,Pass1234,Leticia,Pascual,Y,INS-1022,09382345678,leticia.pascual@aviation.ph
a_sison,Pass1234,Andres,Sison,W,INS-1023,09393456789,andres.sison@aviation.ph
k_tan,Pass1234,Katrina,Tan,Z,INS-1024,09404567890,katrina.tan@aviation.ph
b_lim,Pass1234,Benjamin,Lim,X,INS-1025,09415678901,benjamin.lim@aviation.ph
c_ong,Pass1234,Christina,Ong,Q,INS-1026,09426789012,christina.ong@aviation.ph
r_sy,Pass1234,Ricardo,Sy,E,INS-1027,09437890123,ricardo.sy@aviation.ph
e_co,Pass1234,Elizabeth,Co,J,INS-1028,09448901234,elizabeth.co@aviation.ph
m_go,Pass1234,Mario,Go,G,INS-1029,09459012345,mario.go@aviation.ph
p_dee,Pass1234,Patricia,Dee,K,INS-1030,09460123456,patricia.dee@aviation.ph
h_uy,Pass1234,Henry,Uy,V,INS-1031,09471234567,henry.uy@aviation.ph
g_chua,Pass1234,Grace,Chua,L,INS-1032,09482345678,grace.chua@aviation.ph
r_dy,Pass1234,Ronaldo,Dy,B,INS-1033,09493456789,ronaldo.dy@aviation.ph
f_tiu,Pass1234,Felicia,Tiu,N,INS-1034,09504567890,felicia.tiu@aviation.ph
a_yap,Pass1234,Albert,Yap,P,INS-1035,09515678901,albert.yap@aviation.ph
s_cojuangco,Pass1234,Susan,Cojuangco,D,INS-1036,09526789012,susan.cojuangco@aviation.ph
j_ejercito,Pass1234,Joseph,Ejercito,S,INS-1037,09537890123,joseph.ejercito@aviation.ph
g_marcos,Pass1234,Imelda,Marcos,R,INS-1038,09548901234,imelda.marcos@aviation.ph
f_ramos,Pass1234,Fidel,Ramos,V,INS-1039,09559012345,fidel.ramos@aviation.ph
g_arroyo,Pass1234,Gloria,Arroyo,M,INS-1040,09560123456,gloria.arroyo@aviation.ph
b_aquino3,Pass1234,Benigno,Aquino,C,INS-1041,09571234567,benigno.aquino@aviation.ph
r_duterte,Pass1234,Rodrigo,Duterte,R,INS-1042,09582345678,rodrigo.duterte@aviation.ph
f_marcosjr,Pass1234,Ferdinand,Marcos,R,INS-1043,09593456789,ferdinand.marcos@aviation.ph
l_robredo,Pass1234,Leni,Robredo,G,INS-1044,09604567890,leni.robredo@aviation.ph
g_honasan,Pass1234,Gregorio,Honasan,B,INS-1045,09615678901,gregorio.honasan@aviation.ph
j_ponce,Pass1234,Juanito,Ponce,E,INS-1046,09626789012,juanito.ponce@aviation.ph
a_cayetano,Pass1234,Alan,Cayetano,S,INS-1047,09637890123,alan.cayetano@aviation.ph
p_cayetano,Pass1234,Pia,Cayetano,S,INS-1048,09648901234,pia.cayetano@aviation.ph
m_defensor,Pass1234,Miriam,Defensor,S,INS-1049,09659012345,miriam.defensor@aviation.ph
b_santiago,Pass1234,Ben,Santiago,F,INS-1050,09660123456,ben.santiago@aviation.ph
j_binay,Pass1234,Jejomar,Binay,C,INS-1051,09671234567,jejomar.binay@aviation.ph
n_biazon,Pass1234,Nilo,Biazon,G,INS-1052,09682345678,nilo.biazon@aviation.ph
p_lacson,Pass1234,Panfilo,Lacson,M,INS-1053,09693456789,panfilo.lacson@aviation.ph
v_sotto,Pass1234,Vicente,Sotto,C,INS-1054,09704567890,vicente.sotto@aviation.ph
f_drilon,Pass1234,Franklin,Drilon,M,INS-1055,09715678901,franklin.drilon@aviation.ph
a_pimentel,Pass1234,Aquilino,Pimentel,K,INS-1056,09726789012,aquilino.pimentel@aviation.ph
j_estrada,Pass1234,Jinggoy,Estrada,P,INS-1057,09737890123,jinggoy.estrada@aviation.ph
b_revilla,Pass1234,Ramon,Revilla,B,INS-1058,09748901234,ramon.revilla@aviation.ph
m_lapid,Pass1234,Manuel,Lapid,M,INS-1059,09759012345,manuel.lapid@aviation.ph
l_legarda,Pass1234,Loren,Legarda,B,INS-1060,09760123456,loren.legarda@aviation.ph
f_pangilinan,Pass1234,Francis,Pangilinan,N,INS-1061,09771234567,francis.pangilinan@aviation.ph
p_cayetano2,Pass1234,Peter,Cayetano,A,INS-1062,09782345678,peter.cayetano@aviation.ph
r_recto,Pass1234,Ralph,Recto,G,INS-1063,09793456789,ralph.recto@aviation.ph
m_villar,Pass1234,Manuel,Villar,B,INS-1064,09804567890,manuel.villar@aviation.ph
c_villar,Pass1234,Cynthia,Villar,A,INS-1065,09815678901,cynthia.villar@aviation.ph
m_marcos2,Pass1234,Maria,Marcos,I,INS-1066,09826789012,maria.marcos@aviation.ph
j_ejercito2,Pass1234,Joseph,Ejercito,E,INS-1067,09837890123,joseph.ejercito2@aviation.ph
r_gordon,Pass1234,Richard,Gordon,J,INS-1068,09848901234,richard.gordon@aviation.ph
j_zubiri,Pass1234,Juan,Zubiri,M,INS-1069,09859012345,juan.zubiri@aviation.ph
s_escudero,Pass1234,Salvador,Escudero,C,INS-1070,09860123456,salvador.escudero@aviation.ph
g_gatchalian,Pass1234,Sherwin,Gatchalian,T,INS-1071,09871234567,sherwin.gatchalian@aviation.ph
j_angara,Pass1234,Juan,Angara,E,INS-1072,09882345678,juan.angara@aviation.ph
n_binay,Pass1234,Nancy,Binay,A,INS-1073,09893456789,nancy.binay@aviation.ph
g_po,Pass1234,Grace,Po,L,INS-1074,09904567890,grace.po@aviation.ph
c_hontiveros,Pass1234,Risa,Hontiveros,B,INS-1075,09915678901,risa.hontiveros@aviation.ph
a_trillanes,Pass1234,Antonio,Trillanes,F,INS-1076,09926789012,antonio.trillanes@aviation.ph
l_deslima,Pass1234,Leila,De Lima,M,INS-1077,09937890123,leila.delima@aviation.ph
a_aquino2,Pass1234,Agapito,Aquino,U,INS-1078,09948901234,agapito.aquino@aviation.ph
h_alvarez,Pass1234,Heherson,Alvarez,T,INS-1079,09959012345,heherson.alvarez@aviation.ph
e_angara,Pass1234,Edgardo,Angara,J,INS-1080,09960123456,edgardo.angara@aviation.ph
j_arroyo2,Pass1234,Joker,Arroyo,P,INS-1081,09172345671,joker.arroyo@aviation.ph
r_cayetano,Pass1234,Renato,Cayetano,L,INS-1082,09183456782,renato.cayetano@aviation.ph
m_defensor2,Pass1234,Arthur,Defensor,M,INS-1083,09194567893,arthur.defensor@aviation.ph
j_flavier,Pass1234,Juan,Flavier,M,INS-1084,09205678904,juan.flavier@aviation.ph
e_maceda,Pass1234,Ernesto,Maceda,M,INS-1085,09216789015,ernesto.maceda@aviation.ph
o_osmena,Pass1234,John,Osmeña,R,INS-1086,09227890126,john.osmena@aviation.ph
b_pimentel2,Pass1234,Aquilino,Pimentel,N,INS-1087,09238901237,aquilino.pimentel2@aviation.ph
r_magsaysay,Pass1234,Ramon,Magsaysay,B,INS-1088,09249012348,ramon.magsaysay@aviation.ph
s_osmena,Pass1234,Sergio,Osmeña,M,INS-1089,09250123459,sergio.osmena@aviation.ph
r_shahani,Pass1234,Leticia,Shahani,R,INS-1090,09261234560,leticia.shahani@aviation.ph
w_tañada,Pass1234,Wigberto,Tañada,E,INS-1091,09272345671,wigberto.tanada@aviation.ph
f_tatad,Pass1234,Francisco,Tatad,S,INS-1092,09283456782,francisco.tatad@aviation.ph
a_webb,Pass1234,Freddie,Webb,N,INS-1093,09294567893,freddie.webb@aviation.ph
m_herrera,Pass1234,Ernesto,Herrera,F,INS-1094,09305678904,ernesto.herrera@aviation.ph
g_rasul,Pass1234,Santalina,Rasul,T,INS-1095,09316789015,santalina.rasul@aviation.ph
a_lina,Pass1234,Alberto,Lina,G,INS-1096,09327890126,alberto.lina@aviation.ph
j_mercado,Pass1234,Orlando,Mercado,S,INS-1097,09338901237,orlando.mercado@aviation.ph
t_guingona,Pass1234,Teofisto,Guingona,G,INS-1098,09349012348,teofisto.guingona@aviation.ph
a_romulo,Pass1234,Alberto,Romulo,G,INS-1099,09350123459,alberto.romulo@aviation.ph
r_saguisag,Pass1234,Rene,Saguisag,A,INS-1100,09361234560,rene.saguisag@aviation.ph
